  No  |  country     |        name       |       Gmail                        |      Location(State/province/area, City, Street)                                                       |   birthday
-----------------------------------------------------------------------------------------------------------------------------------------------------------------------------------------------------------------------------
   1  |  Canada      |  Mallory Jenkins  |  MalloryJenkins91539@gmail.com     |  Ontario, Hamilton, 645 Charleton Ave            | Ontario, Ottawa, 2135 MacLaren Street               | 1993.05.27
   2  |  USA         |  James Harris     |  JamesHarris72510@gmail.com        |  Massachusetts, Cambridge, 1173 Hinkle Lake Road | California, Sacramento, 2319 Frederick Street       | 1995.03.12 
   3  |  USA         |  John Williams    |  JohnWilliams62754@gmail.com       |  California, Los Angeles, 582 Hillcrest Lane     | California, Oxnard, 3501 Timber Oak Drive           | 1995.10.22
   4  |  France      |  Michel Hollier   |  MichelHollier75453@gmail.com      |  Île-de-France, Colombes, 21 Place de la Gare    | Picardie, Creil, 82 boulevard Bryas                 | 1994.07.25
   5  |  Germany     |  Lukas Schulz     |  LukasSchulz91213@gmail.com        |  Freistaat Bayern, Miltenberg, Alter Wall 91     | Schleswig-Holstein, Ratekau, Nuernbergerstrasse 67  | 1993.02.12
   5  |  Germany     |  Michael Hoąmann  |  MichaelHoffmann56438@gmail.com    |  Freistaat Bayern, Miltenberg, Alter Wall 91     | Schleswig-Holstein, Ratekau, Nuernbergerstrasse 67  | 1993.02.12
   6  |  Singapore   |  Sarah Chan       |  SarahChan72213@gmail.com          |  Singapore, 190A Pandan Loop                     | Singapore, 4C Kovan Road                            | 1995.04.19
   7  |  Philippins  |  Christine Ramos  |  ChristineRamos21605@gmail.com     |  Metro Manila, Manila, 1414 Roxas Boulevard      | Metro Manila, Malabon, 67 Gov. Pascual Avenue       | 1993.06.06
   8  |  Japan       |  Akira Nakamura   |  AkiraNakamura60500@gmail.com      |  Nagasaki, Isahaya-shi, 405-1105, Nishizatomachi | Osaka, Hirakata-shi, 278-1074, Isoshima Kitamachi   | 1992.09.15

 5  |  Germany     |  Reinhard Cui  |  reinhardcui91539@gmail.com    |  Bergstraße 38A, 13591 Berlin | 1995.12.13 | 
 
